dimarray,threads,init,countingsort,user,elapsed,sys,pCPU
50000,0,0.000675,3.043601,3.009,3.525,0.038,86.44
50000,0,0.000587,2.688045,2.673,2.709,0.018,99.31
50000,0,0.000531,2.635772,2.627,2.663,0.011,99.06
50000,0,0.000522,2.702209,2.689,2.755,0.015,98.18
